{
  "min_score": 186.7093023255814,
  "max_score": 248.0194547003692,
  "mean_score": 216.40099970819492,
  "min_students": 54,
  "max_students": 7206,
  "years": [
    2014,
    2015,
    2016,
    2017,
    2018,
    2019,
    2020,
    2021,
    2022,
    2023,
    2024
  ]
}